Title,ReleaseYear
'Neath The Arizona Skies,1934
88 Minutes,2007
Ambush Trail,1946
Black Hills,1947
Blue Steel,1934
Border Feud,1947
Bottle Rocket,1996
Bye Bye Love,1995
Check Your Guns,1948
Cheyenne Takes Over,1947
Colorado Serenade,1946
The Comancheros,1961
Conrack,1974
Cutting Edge: The Magic of Movie Editing,2004
The Dawn Rider,1935
The Desert Trail,1935
Don Ricardo Returns,1946
Down Missouri Way,1946
Driftin' River,1946
Ed,1996
The Edge,1997
Excess Baggage,1997
The Fighting Vigilantes,1947
Flaming Bullets,1945
Frontier Fugitives,1945
Gentlemen With Guns,1946
Ghost Of Hidden Valley,1946
Ghost Town Renegades,1947
The Hawk of Powder River,1948
The Jackie Robinson Story,1950
Jericho,2001
Joe and Max,2002
The Joe Louis Story,1953
John Ford Goes to War,2002
The Lawless Frontier,1935
Lightning Raiders,1945
Lights Of Old Santa Fe,1944
Loving Jezebel,1999
The Man From Utah,1934
Multiplicity,1996
My Darling Clementine,1946
Navajo Kid,1945
Night of the Living Dead,1968
Oath Of Vengeance,1944
Outlaws Of The Plains,1946
Overland Riders,1946
Paradise Canyon,1935
Pioneer Justice,1947
Pit Pony,1997
Prairie Badmen,1946
Prairie Outlaws,1946
Prairie Rustlers,1945
Prom Night,2008
Randy Rides Alone,1934
Range Beyond The Blue,1947
The Red Stallion,1947
Return Of The Lash,1947
Riders Of Destiny,1933
Romance Of The West,1946
Sagebrush Trail,1933
Scandalize My Name,1999
Shadow Valley,1947
Sherlock Holmes And The Secret Weapon,1942
The Woman In Green,1945
Terror by Night,1946
Dressed To Kill,1946
Smoky,1966
Stage To Mesa City,1948
Stagecoach Outlaws,1945
The Star Packer,1934
Stars Over Texas,1946
Starz Inside: Bloodsucking Cinema,2007
The Stranger,1946
Take A Hard Ride,1975
Taps,1981
Texas Terror,1935
Thunder Town,1946
The Tioga Kid,1948
Tornado Range,1948
The Trail Beyond,1934
Tumbleweed Trail,1946
The Undefeated,1969
Untraceable,2008
Walk Hard: The Dewey Cox Story,2007
A Walk in the Clouds,1995
West Of The Divide,1934
West To Glory,1947
The Westward Trail,1948
White Men Can't Jump,1993
Yankee Fakir,1947
Martin Lawrence Presents 1st Amendment Stand Up,
Party Down,
Border Badmen,1945
Midnight Movies,2005
Spartacus,
Wild Country,1947
Patton,1970
So I Married An Axe Murderer,1993
A Huey P. Newton Story,2001
Booty Call,1997
Dune,1984
The Lucky Texan,1934
Bugsy,1991
Steel Magnolias,1989
Seven Years In Tibet,1997
Tamara Drewe,2010
Undercover Brother,2002
Only The Lonely,1991
City Island,2010
Cheech & Chong's Nice Dreams,1981
Hoffa,1992
The Great Northfield Minnesota Raid,1972
Winchester '73,1950
The People Vs. Larry Flynt,1996
Blue Velvet,1986
The Suburbans,1999
Buffalo Bill,1944
The Fan,1996
Working Girl,1988
Mackenna's Gold,1969
Three Can Play That Game,2008
The Replacement Killers,1998
Kiss Me Goodbye,1982
Kiss Of Death,1995
Bad Girls,1994
Big,1988
Far From Home: The Adventures Of Yellow Dog,1995
Nine Months,1995
The Abyss,1989
The Beverly Hillbillies,1993
Joe Dakota,1957
Hanging Up,2000
"See No Evil, Hear No Evil",1989
Magic City,
Guarding Tess,1994
The Dead Girl,2006
All The King's Men,2006
A Day In The Life,2009
A Dangerous Method,2011
Babe,1995
Babe: Pig In The City,1998
Wagon Train,
Lonesome Dove,
Return To Lonesome Dove,
Red Dawn,1984
Striking Distance,1993
Da Vinci's Demons,
John Carpenter's Vampires,1998
The White Queen,
976-Evil,1989
Necessary Roughness,1991
Bats,1999
The Gunfighter,1950
The Gospel,2005
At Any Price,2013
Black Sails,
Laurel Canyon,2003
Peggy Sue Got Married,1986
Attila,
Centennial,
Power,
Child's Play,1988
Outlander,
Silent Hill,2006
Survivor's Remorse,
The Missing,
Wanted: Dead Or Alive,
Death Valley Days,
Desolation Canyon,2007
Valkyrie,2008
Pit Pony,
Random Hearts,1999
Whiplash,2014
Blue Streak,1999
Laramie,
Playing It Cool,2014
Be Cool,2005
Still Alice,2014
A Guy Thing,2002
Home Sweet Hell,2015
Wind Chill,2007
"McFarland, USA",2015
4.3.2.1.,2010
In Good Company,2004
L!fe Happens,2011
The Night Listener,2006
100 Rifles,1969
The Newton Boys,1998
Flesh And Bone,
Ash vs Evil Dead,
Cinderella,2015
Broken Lance,1954
Leave It To Beaver,1997
Tomorrowland,2015
28 Days,2000
Chain Reaction,1996
The Fury,1978
Kingdom of Heaven,2005
Millions,2005
Night Watch,2004
Testament Of Youth,2015
The Girlfriend Experience,
Arlington Road,1999
In The Mix,2005
French Connection II,1975
The Great Missouri Raid,1951
Pet Sematary II,1992
The Siege,1998
Titan A.E.,2000
Side Effects,2013
Fever Pitch,2005
Intolerable Cruelty,2003
"Me, Myself And Irene",2000
Rebound,2005
Roll Bounce,2005
Great Expectations,1998
The Lookout,2007
The Dresser,2015
Glitter,2001
Hannibal,2001
There's Something About Mary,1998
Woman On Top,2000
The Good Dinosaur,2015
Catch A Fire,2006
Up in Smoke,1978
Into the Blue,2005
Men Of Honor,2000
The Object Of My Affection,1998
Hope Floats,1998
In Her Shoes,2005
Out To Sea,1997
Bulletproof Monk,2003
Grandma's Boy,2006
Mystery Men,1999
The Ringer,2005
The Skeleton Key,2005
John Grisham's The Rainmaker,1997
The Accused,1988
American Son,2008
Jobs,2013
The Boxer,1997
The Tall Men,1955
Major Dundee,1965
Aquamarine,2006
The Duchess and the Dirtwater Fox,1976
Car Wash,1976
Column South,1953
The Thomas Crown Affair,1968
The 'Burbs,1989
Ever After,1998
Kill Your Darlings,2013
Picture Perfect,1997
The Grudge,2004
The Scout,1994
The Caveman's Valentine,2001
The Man From Snowy River,1982
The Family Fang,2016
Scenic Route,2013
Miles Ahead,2015
The Meddler,2015
Glory,1989
Galaxy Quest,1999
Along Came a Spider,2001
Kingdom Come,2001
Spanglish,2004
The Great White Hype,1996
Roxanne,1987
Five Fingers,2006
Starship Troopers,1997
One Fine Day,1996
Phat Girlz,2006
Freelancers,2012
Warlock,1959
The Guns of Fort Petticoat,1957
Someone Like You,2001
Tales of Wells Fargo,
Lakeview Terrace,2008
Jesse James,1939
Prince of Darkness,1987
Broken Flowers,2005
My Stepmother Is An Alien,1988
Righteous Kill,2008
Quarantine,2008
The Devil's Own,1997
The Cable Guy,1996
Groundhog Day,1993
Empire State,2013
State Property,2002
World Without End,
The Pillars of The Earth,
The Gift,2000
The Kids Are All Right,2010
Honey,2003
The White Princess,
Comanche Territory,1950
Explorers,1985
Honey 2,2011
Hatfields & Mccoys,
American Gods,
State Property II,2005
The Original Kings of Comedy,2000
Passengers,2008
Frankie & Johnny,1991
Loser,2000
Miss Pettigrew Lives For A Day,2008
Because I Said So,2007
Wimbledon,2004
P2,2007
The Big Hit,1998
Black Sheep,1996
Donnie Brasco,1997
Guess Who's Coming To Dinner,1967
The Tailor Of Panama,2001
Mean Dreams,2016
The Virginian,
Heartbreakers,2001
The Jane Austen Book Club,2007
Pretty in Pink,1986
Cat People,1982
Julie & Julia,2009
RV,2006
Cry Freedom,1987
Johnson County War,
One Day,2011
Delta Force 2: The Colombian Connection,1990
My Bloody Valentine,1981
Rosemary's Baby,1968
Premonition,2007
Curse of the Golden Flower,2006
District 9,2009
Sleepy Hollow,1999
Catch and Release,2007
What Lies Beneath,2000
The Delta Force,1986
Robin Hood of the Pecos,1941
Slither,2006
The Men From Shiloh,
Indecent Proposal,1993
A Family Man,2016
Bebe's Kids,1992
Out Of Time,2003
Grease 2,1982
John Carpenter's Escape From L.A.,1996
Down To Earth,2001
1982,2013
The First Wives Club,1996
Congo,1995
Hannah And Her Sisters,1986
La Bamba,1987
Rudy,1993
The Lucky Ones,2007
Can't Hardly Wait,1998
A Knight's Tale,2001
Raising Cain,1992
Spider-Man: Homecoming,2017
Play Misty For Me,1971
Legion,2010
Howards End,
The Craft,1996
Maximilian,
It Could Happen to You,1994
Larry McMurtry's Streets Of Laredo,
Larry McMurtry's Dead Man's Walk,
Wagons East,1994
Paris Can Wait,2016
The Pursuit Of Happyness,2006
Matilda,1996
Two Can Play That Game,2001
Sweetbitter,
Rachel Getting Married,2008
Vida,
Reality Bites,1994
Jeepers Creepers 2,2002
All About the Benjamins,2002
Urban Cowboy,1980
Wrong Man,
Joshua,2007
River of No Return,1954
Behind Enemy Lines II: Axis of Evil,2006
Inferno,1980
Behind Enemy Lines: Colombia,2009
Scream 3,2000
Riding in Cars With Boys,2001
Jumanji: Welcome to the Jungle,2017
America To Me,
Fun With Dick and Jane,2005
Call Me By Your Name,2017
Film Stars Don't Die in Liverpool,2017
Warriors Of Liberty City,
Eat Pray Love,2010
The Mortician,2011
Juno,2007
Belly,1998
Stomp The Yard,2007
Jimmy Neutron: Boy Genius,2001
The Cookout,2004
Belly 2: Millionaire Boyz Club,2008
Wanted: The Sundance Woman,1976
Saw IV,2007
Next Day Air,2009
Saw VI,2009
Saw III,2006
Saw,2004
Saw II,2005
Saw V,2008
Tremors 2: Aftershocks,1996
Tremors 3: Back To Perfection,2001
Tremors 4: The Legend Begins,2004
Tremors,1990
She's Having a Baby,1988
The Hunted,1995
The Bravos,1972
The Leisure Seeker,2017
The Marine 4: Moving Target,2015
Night Shift,1982
Forty Guns,1957
For Love or Money,1993
Smokin' Aces 2: Assassins' Ball,2009
Tremors 5: Bloodlines,2015
Drop Squad,1994
Get Carter,2000
Little Charmers,
The Rider,2017
Final Portrait,2018
Captain Fantastic,2016
North To Alaska,1960
Funny Farm,1988
Cowgirls n' Angels,2012
How Do You Know,2010
The Last House On The Left,2009
The Spanish Princess,
Born to Be Wild,2011
Country Strong,2010
The Adventures of Pluto Nash,2002
Attack The Block,2011
The Return of Frank James,1940
Braddock: Missing in Action III,1988
Kid Blue,1973
The Seagull,2018
Curve,2015
Sicario: Day Of The Soldado,2018
Now Apocalypse,
Ray,2004
Shaun Of The Dead,2004
Prelude To A Kiss,1992
The Mark of Zorro,1974
The Last Hard Men,1976
Daughters Of The Sexual Revolution: The Untold Story Of The Dallas Cowboys Cheerleaders,2018
City of Ember,2008
Monkey Trouble,1994
Stop! Or My Mom Will Shoot,1992
The Ox-Bow Incident,1943
Charlie St. Cloud,2010
Rig 45,
Venom,2018
Girl 6,1996
Broken Arrow,1950
Kidco,1983
Love Me Tender,1956
The Sheriff Of Fractured Jaw,1959
The Equalizer 2,2018
Jumping The Broom,2011
The Rook,
Fallen,1998
A Man Apart,2003
The Wife,2018
Alien Nation,1988
Smokin' Aces,2007
Stan & Ollie,2018
My Hero Academia: Two Heroes,2018
Two Flags West,1950
Luther,
Leavenworth,
Escape Room,2019
Fame,2009
Twilight Zone: The Movie,1983
"You, Me And Dupree",2006
Dublin Murders,
Rules of Engagement,
Damages,
Manual Para Ninjas,
Gravity,
Drop Dead Diva,
Malcolm & Eddie,
La Bruja,
La Bella Ceci Y El Imprudente,
Rescue Me,
The Rifleman,
Hawthorne,
P-Valley,
Alvarez Kelly,1966
Apache Ambush,1955
Blind Date,1987
Buck And The Preacher,1972
Cowboy,1958
Conquest Of Cochise,1953
The Doolins Of Oklahoma,1949
Gunfighters,1947
J.W. Coop,1971
Last Of The Comanches,1953
The Last Posse,1953
St. Elmo's Fire,1985
Santa Fe,1951
Stir Crazy,1980
The Stranger Wore A Gun,1953
Revenge,1990
The Texican,1966
Ride Beyond Vengeance,1966
The Tall T,1957
Ten Wanted Men,1955
The Violent Men,1955
The Hallelujah Trail,1965
Trading Places,1983
Enemy Mine,1985
Once Upon A Time In America,1984
The Power of One,1992
Conan The Barbarian,1982
Made In America,1993
Cheech & Chong's Things Are Tough All Over,1982
Big Trouble In Little China,1986
Demolition Man,1993
Cisco Pike,1972
The Longshot,1986
Empire Records,1995
The Juror,1996
Legends Of The Fall,1994
Forrest Gump,1994
Bogus,1996
High School High,1996
Maverick,1994
Tin Cup,1996
Homegrown,1998
The Postman,1997
Manny & Lo,1996
Captain Phillips,2013
The Man Who Knew Too Little,1997
Hulk,2003
Phoenix,1998
The End Of The Affair,1999
Piranha 3D,2010
Across the Wide Missouri,1951
Man in the Wilderness,1971
National Lampoon's Movie Madness,1981
How I Got Into College,1989
Prancer,1989
Thunderheart,1992
The Swan Princess And The Secret Of The Castle,1997
The Swan Princess: The Mystery Of The Enchanted Treasure,1998
National Security,2003
The Best Man,1999
The New Guy,2002
The One,2001
Radio,2003
Peter Pan,2003
Van Helsing,2004
Basic,2003
Trois 2: Pandora's Box,2002
You Got Served,2003
Motives,2004
"The Prize Winner of Defiance, Ohio",2005
Southland Tales,2006
Inglourious Basterds,2009
"Puff, Puff, Pass",2006
Urban Justice,2007
State Of Play,2009
Mamma Mia!,2008
Connors' War,2006
Tortured,2007
Motives 2: Retribution,2007
Tyler Perry's The Family That Preys,2008
The Devil's Tomb,2009
Hero Wanted,2008
Milk,2008
How to Lose Friends and Alienate People,2008
Bobby Z,2007
Bad Boys For Life,2020
Battle Of The Year,2013
This Is The End,2013
Facing Ali,2009
The King's Speech,2010
Season of the Witch,2011
Spy Kids 4: All The Time In The World,2011
Dean Spanley,2008
From Prada To Nada,2010
Limitless,2011
The Hurt Locker,2009
Made In Dagenham,2010
Iron Man 3,2013
Zero Dark Thirty,2012
House At The End Of The Street,2012
The Ides Of March,2011
Mother And Child,2010
Easy Virtue,2008
Bachelorette,2012
Fair Game,2010
White House Down,2013
Act Of Valor,2012
Take Shelter,2011
Elysium,2013
Ticking Clock,2011
Evil Dead,2013
Hit And Run,2012
Grown Ups 2,2013
Stomp The Yard: Homecoming,2010
The Mortal Instruments: City Of Bones,2013
Celeste & Jesse Forever,2012
Austenland,2013
Don Jon,2013
After Earth,2013
End Of Watch,2012
The Call,2013
Silent Hill: Revelation,2012
I Don't Know How She Does It,2011
Little Boy,2014
The Grandmaster,2013
Bad Parents,2012
The Gatekeepers,2012
American Hustle,2013
A Haunted House,2013
Bears,2014
Parkland,2013
The Gunman,2015
Mortdecai,2015
All Is Bright,2013
The Family,2013
Oculus,2013
Hours,2013
Anthropoid,2016
Denial,2016
The Last Word,2017
3 Days To Kill,2014
Accepted,2006
Flicka: Country Pride,2012
The Devil Wears Prada,2006
Flicka 2,2010
Nim's Island,2008
The Darjeeling Limited,2007
Girl In Progress,2012
Welcome Home Roscoe Jenkins,2008
Robin Hood,2010
Saw: The Final Chapter,2010
A Dog's Way Home,2019
The Swan Princess Christmas,2012
The Swan Princess: A Royal Family Tale,2014
"The Swan Princess: Princess Tomorrow, Pirate Today!",2016
The Swan Princess: Royally Undercover,2017
Open Season 3,2010
Arena,2011
"Love, Rosie",2014
Sugar,2008
The 6th Day,2000
A Dark Truth,2012
Hardwired,2009
12 Dogs Of Christmas: Great Puppy Rescue,2012
Meeting Evil,2012
The Prince and Me,2004
Munich,2005
Bloodshot,2020
Fantasy Island,2020
No Good Deed,2002
LOL,2012
Tower Heist,2011
Step Up: All In,2014
In The Long Run,
Elegy,2008
El Embarcadero,
Power Confidential,
Hightown,
Arctic,2018
The Pier,
The Climb,2020
Power Book II: Ghost,
Escape Room: Tournament of Champions,2021
Toxic Beauty,2019
Kings,2017
Generation Columbine,2019
Greed,2019
The Burnt Orange Heresy,2019
Rent Due,2020
Run The World,
Power Book III: Raising Kanan,
Death and Nightingales,
Half Magic,2018
Mom And Dad,2017
This Is Personal,2019
The Last Vermeer,2020
The Pickup Game,2019
Monster Hunter,2020
The Human Factor,2019
Adopt a Highway,2019
Come As You Are,2019
"Standing Up, Falling Down",2019
Confronting a Serial Killer,
SEDUCED: INSIDE THE NXIVM CULT,
The Father,2021
The Luminaries,
The Cult of the Family,
Coda,2018
Lost Transmissions,2019
The Etruscan Smile,2018
Men in Kilts: A Roadtrip with Sam and Graham,
The First Time,2012
Strike,2019
My Hero Academia: Heroes Rising,2019
Beneath Us,2020
Warren Miller's Timeless,2019
QT8: The First Eight,2019
Stars And Strife,2020
Where's The Money,2017
The Big Bad Fox And Other Tales,2017
Another Day of Life,2018
Bu√±uel In The Labyrinth Of The Turtles,2019
Marona's Fantastic Tale,2020
Step Up: Year of the Dance,2019
Here And Now,2018
Emperor,2020
Buttons: A Christmas Tale,2018
Driven,2019
The Oscar Nominated Short Films 2020: Live Action,2020
The Deceived,
Saint Frances,2019
Not Carol,2020
The Bay of Silence,2020
Critical Thinking,2020
Hammer,2019
The Dilemma,2011
Heels,
Still Here,2020
SamSam,2020
Aliens Ate My Homework,2017
Tijuana Jackson: Purpose Over Prison,2020
Mickey And The Bear,2019
The Surrogate,2020
The Broken Hearts Gallery,2020
The Argument,2020
aTypical Wednesday,2020
End of Sentence,2019
Sweetness In The Belly,2019
Babysplitters,2020
Castle in the Ground,2019
Stripped: Los Angeles,2020
I Carry You With Me,2021
Disturbing the Peace,2020
Escape From Pretoria,2020
Burn,2019
Stage Mother,2020
The Devil Has A Name,2019
Going The Distance,2010
With Drawn Arms,2020
The Last Shift,2020
Yellow Rose,2019
The Snow Queen: Mirrorlands,2018
Sheep And Wolves: Pig Deal,2018
Adam,2020
Nine Days,2021
French Exit,2021
The Truffle Hunters,2020
Megan Leavey,2017
Breathe,2017
Little Birds,
The 24th,2020
The Kid Detective,2020
Breaking Up,1997
Dangerous Beauty,1998
Freddy Got Fingered,2001
The Girl Next Door,2004
Mr. & Mrs. Smith,2005
Stay,2005
Power Book IV: Force,
Blindspotting,
BMF,
Max Winslow and the House of Secrets,2019
Don't Breathe 2,2021
The Craft: Legacy,2020
Misbehaviour,2020
The Gloaming,
Ruth - Justice Ginsburg In Her Own Words,2019
Power Universe,
ICE,
Step Up,
The Short History of the Long Road,2020
The Black Full Monty,2020
Candy Planet,2016
Assassins,2020
Long Weekend,2021
The Unholy,2021
City of Lies,2021
"Love, Weddings & Other Disasters",2020
Redemption Day,2021
The Affair,2019
Test Pattern,2020
Into,2020
Serviced,2019
Sex Club 101,2019
Ahead Of The Curve,2021
Behind the Curtain: Todrick Hall,2017
The Sound Of Identity,2020
Some Kind Of Beautiful,2014
"More Money, More Family",2015
Here Today,2021
A Crime On The Bayou,2021
Fear and Loathing in Aspen,2021
How to Deter a Robber,2020
Masquerade,2021
Caged,2021
The Show,2020
Grace Unplugged,2013
Mr. Church,2016
Tazmanian Devil,2021
She Ball,2020
Chocolate City 3: Live Tour,2020
Gangland,2020
12 Mighty Orphans,2021
Elephant Kingdom,2016
White People Money,2020
The Wishmas Tree,2019
Combat Wombat,2020
The Clockwork Girl,2021
Daisy's Dream,2020
The House Next Door: Meet The Blacks 2,2021
The Violent Heart,2020
Frank Miller's Sin City: A Dame To Kill For,2014
Wieners,2008
Half Past Dead,2002
I'm So Excited!,2013
The Ticket,2016
A Fantastic Fear Of Everything,2012
Stander,2003
Clockwatchers,1997
The Last Unicorn,1982
The Evil That Men Do,1984
Half Nelson,2006
Filly Brown,2012
Stay Cool,2010
Before The Devil Knows You're Dead,2007
Bordertown,2006
The Air I Breathe,2007
Candy,2006
The Misfits,2021
Big Miracle,2012
Spiral: From The Book Of Saw,2021
Hero Mode,2021
Christmas At Cattle Hill,2020
School's Out Forever,2021
Baby Done,2020
Welcome Matt,2021
Charming the Hearts of Men,2021
Domino: Battle of The Bones,2021
Joy Ride,2001
Date Movie,2006
Just My Luck,2006
Little Manhattan,2005
Naked Singularity,2021
The Birthday Cake,2021
The Accidental President,2021
Barbara Lee: Speaking Truth to Power,2020
Wild Indian,2021
All Joking Aside,2020
Brightheart: Firefly Action Brigade,2020
Brightheart: Let Your Light Shine,2020
Damascus Cover,2017
Good Kids,2015
Revolt,2017
Where Hands Touch,2018
Rare Beasts,2019
On These Grounds,2021
Good,2021
Finding Kendrick Johnson,2021
Chasing Wonders,2020
Last Man Standing: Suge Knight and the Murders of Biggie and Tupac,2021
Biggie: The Life Of Notorious B.I.G.,2017
The Deputy,
After The Ball,2015
10 Items Or Less,2006
A Brilliant Young Mind,2015
Camp Arrowhead,2020
A Cowgirl's Story,2017
Dead Birds,2004
East Side Sushi,2014
A Girl Like Grace,2015
Blind,2017
Measure For Measure,2020
Nobel Son,2007
So Undercover,2012
Youth In Oregon,2016
Who Killed Tupac?,
The Price,2017
There Be Dragons,2011
Paul,2011
Tremors: A Cold Day in Hell,2018
The Change-Up,2011
Approaching The Unknown,2016
Bravo Two Zero,1999
Narc,2002
Blow Dry,2001
The Importance of Being Earnest,2002
Bloody Sunday,2002
Chocolate City,2015
Ladybugs,1992
Mansfield Park,1999
The Romantics,2010
Suspect Zero,2004
Turbulence,1997
Twisted,2004
This Is The Year,2020
Collection,2021
Lone Star,1952
Maurice Hines: Bring Them Back,2019
"Ma Belle, My Beauty",2021
Subjects of Desire,2021
Best Sellers,2021
